ProvCode,time_begin,time_end_check_dup,time_difference_check_dup,time_end,time_difference,Shape of df_bmn of df,Shape of df_dopa,df_dopa_cut,df_bmn_key,df_dopa_key,merged_df,rows_from_dopa,rows_to_expand,rows_to_keep,expanded_df,Shape of final_final_merged_df,Shape of df_filtered,Shape of df_dopa_to_insert
,,,,,,,,,,,,,,,,,,
,,,,,,,,,,,,,,,,,,
,,,,,,,,,,,,,,,,,,
,,,,,,,,,,,,,,,,,,
,,,,,,,,,,,,,,,,,,
,,,,,,,,,,,,,,,,,,
,,,,,,,,,,,,,,,,,,
,,,,,,,,,,,,,,,,,,
,,,,,,,,,,,,,,,,,,
,,,,,,,,,,,,,,,,,,
,,,,,,,,,,,,,,,,,,
,,,,,,,,,,,,,,,,,,
,,,,,,,,,,,,,,,,,,
